code,name,barcode_image
IRIS0001,After The Storm,IRIS0001_After_The_Storm.png
IRIS0002,Autumn Circus,IRIS0002_Autumn_Circus.png
IRIS0003,Baltic Sea,IRIS0003_Baltic_Sea.png
IRIS0004,Before The Storm,IRIS0004_Before_The_Storm.png
IRIS0005,Blazing Beacon,IRIS0005_Blazing_Beacon.png
IRIS0006,Absolute Cute,IRIS0006_Absolute_Cute.png
IRIS0007,Air Time,IRIS0007_Air_Time.png
IRIS0008,Alcazar,IRIS0008_Alcazar.png
IRIS0009,Aloha Spirit,IRIS0009_Aloha_Spirit.png
IRIS0010,Alpenview,IRIS0010_Alpenview.png
IRIS0011,Annie Oakley,IRIS0011_Annie_Oakley.png
IRIS0012,Atomic Glow,IRIS0012_Atomic_Glow.png
IRIS0013,Avenue of Dreams,IRIS0013_Avenue_of_Dreams.png
IRIS0014,Back Draft,IRIS0014_Back_Draft.png
IRIS0015,Bam A Lam,IRIS0015_Bam_A_Lam.png
IRIS0016,Bandwidth,IRIS0016_Bandwidth.png
IRIS0017,BARN DANCE,IRIS0017_BARN_DANCE.png
IRIS0018,Bermuda Triangle,IRIS0018_Bermuda_Triangle.png
IRIS0019,BEST BET,IRIS0019_BEST_BET.png
IRIS0020,Black Is Black,IRIS0020_Black_Is_Black.png
IRIS0021,Black Lipstick,IRIS0021_Black_Lipstick.png
IRIS0022,Black Phantom,IRIS0022_Black_Phantom.png
IRIS0023,Blackberry Torte,IRIS0023_Blackberry_Torte.png
IRIS0024,Blue Me Away,IRIS0024_Blue_Me_Away.png
IRIS0025,BLUE POOLS,IRIS0025_BLUE_POOLS.png
IRIS0026,Blueberry Bliss,IRIS0026_Blueberry_Bliss.png
IRIS0027,Bottle Rocket,IRIS0027_Bottle_Rocket.png
IRIS0028,Bride’s Blush,IRIS0028_Bride’s_Blush.png
IRIS0029,Bubble Baby,IRIS0029_Bubble_Baby.png
IRIS0030,Bubbly Beauty,IRIS0030_Bubbly_Beauty.png
IRIS0031,BUCKWHEAT,IRIS0031_BUCKWHEAT.png
IRIS0032,Bundle of Love,IRIS0032_Bundle_of_Love.png
IRIS0033,Butterfly Skies,IRIS0033_Butterfly_Skies.png
IRIS0034,By Jeeves,IRIS0034_By_Jeeves.png
IRIS0035,Cabbage Patch,IRIS0035_Cabbage_Patch.png
IRIS0036,Cache of Gold,IRIS0036_Cache_of_Gold.png
IRIS0037,CALIFORNIA GOLD,IRIS0037_CALIFORNIA_GOLD.png
IRIS0038,CAROLINE JANE,IRIS0038_CAROLINE_JANE.png
IRIS0039,CHAMPAGNE ELEGANCE,IRIS0039_CHAMPAGNE_ELEGANCE.png
IRIS0040,CHERIE,IRIS0040_CHERIE.png
IRIS0041,Cherry Fudge,IRIS0041_Cherry_Fudge.png
IRIS0042,Church Key,IRIS0042_Church_Key.png
IRIS0043,Cinque Terre,IRIS0043_Cinque_Terre.png
IRIS0044,City Lights,IRIS0044_City_Lights.png
IRIS0045,Clarence,IRIS0045_Clarence.png
IRIS0046,Code of Honor,IRIS0046_Code_of_Honor.png
IRIS0047,Color Shift,IRIS0047_Color_Shift.png
IRIS0048,Comes the Dawn,IRIS0048_Comes_the_Dawn.png
IRIS0049,Concertina,IRIS0049_Concertina.png
IRIS0050,CONQUISTADOR,IRIS0050_CONQUISTADOR.png
IRIS0051,Cosmic Melody,IRIS0051_Cosmic_Melody.png
IRIS0052,Costume Jewelry,IRIS0052_Costume_Jewelry.png
IRIS0053,Cotillion Gown,IRIS0053_Cotillion_Gown.png
IRIS0054,Creative Art,IRIS0054_Creative_Art.png
IRIS0055,Custom Rim,IRIS0055_Custom_Rim.png
IRIS0056,DANCING DAYS,IRIS0056_DANCING_DAYS.png
IRIS0057,Dazzle,IRIS0057_Dazzle.png
IRIS0058,Deep Burgundy,IRIS0058_Deep_Burgundy.png
IRIS0059,Deeper Meaning,IRIS0059_Deeper_Meaning.png
IRIS0060,DOUBLE RINGER,IRIS0060_DOUBLE_RINGER.png
IRIS0061,Easter Charm,IRIS0061_Easter_Charm.png
IRIS0062,Echo of Spring,IRIS0062_Echo_of_Spring.png
IRIS0063,Edge of Happiness,IRIS0063_Edge_of_Happiness.png
IRIS0064,Edge of the World,IRIS0064_Edge_of_the_World.png
IRIS0065,Edged Out,IRIS0065_Edged_Out.png
IRIS0066,Electric Candy?,IRIS0066_Electric_Candy?.png
IRIS0067,Elite,IRIS0067_Elite.png
IRIS0068,Enduring Beauty,IRIS0068_Enduring_Beauty.png
IRIS0069,ENGLISH COTTAGE,IRIS0069_ENGLISH_COTTAGE.png
IRIS0070,Entitled,IRIS0070_Entitled.png
IRIS0071,Eye Candy,IRIS0071_Eye_Candy.png
IRIS0072,EYE OF THE STORM,IRIS0072_EYE_OF_THE_STORM.png
IRIS0073,Fantasmagorical,IRIS0073_Fantasmagorical.png
IRIS0074,Fiery Temper,IRIS0074_Fiery_Temper.png
IRIS0075,Filibuster,IRIS0075_Filibuster.png
IRIS0076,Flashinator,IRIS0076_Flashinator.png
IRIS0077,Forever Orange,IRIS0077_Forever_Orange.png
IRIS0078,Fortunate Son,IRIS0078_Fortunate_Son.png
IRIS0079,Free As The Wind,IRIS0079_Free_As_The_Wind.png
IRIS0080,French Lavender,IRIS0080_French_Lavender.png
IRIS0081,Frilled to Bits,IRIS0081_Frilled_to_Bits.png
IRIS0082,Gem Trader,IRIS0082_Gem_Trader.png
IRIS0083,Gesundheit,IRIS0083_Gesundheit.png
IRIS0084,Girl Guide,IRIS0084_Girl_Guide.png
IRIS0085,GLACIER MELT,IRIS0085_GLACIER_MELT.png
IRIS0086,Glowing Report,IRIS0086_Glowing_Report.png
IRIS0087,GOLDEN MIRACLE,IRIS0087_GOLDEN_MIRACLE.png
IRIS0088,GRAZIELLA,IRIS0088_GRAZIELLA.png
IRIS0089,Great Balls of Fire,IRIS0089_Great_Balls_of_Fire.png
IRIS0090,GRINDLEWALD,IRIS0090_GRINDLEWALD.png
IRIS0091,Handful of Magic,IRIS0091_Handful_of_Magic.png
IRIS0092,HARVEST OF MEMEORIES,IRIS0092_HARVEST_OF_MEMEORIES.png
IRIS0093,Head Over Heels,IRIS0093_Head_Over_Heels.png
IRIS0094,Heart of Hearts,IRIS0094_Heart_of_Hearts.png
IRIS0095,HELEN COLLINGWOOD,IRIS0095_HELEN_COLLINGWOOD.png
IRIS0096,Hint of Danger,IRIS0096_Hint_of_Danger.png
IRIS0097,HOLD THAT TIGER,IRIS0097_HOLD_THAT_TIGER.png
IRIS0098,Hot Off the Press,IRIS0098_Hot_Off_the_Press.png
IRIS0099,IMAGE MAKER,IRIS0099_IMAGE_MAKER.png
IRIS0100,IMMORTALITY,IRIS0100_IMMORTALITY.png
IRIS0101,Innocent Devil,IRIS0101_Innocent_Devil.png
IRIS0102,Insaniac,IRIS0102_Insaniac.png
IRIS0103,INSCRIPTION,IRIS0103_INSCRIPTION.png
IRIS0104,Inspired,IRIS0104_Inspired.png
IRIS0105,Jawbone Flats,IRIS0105_Jawbone_Flats.png
IRIS0106,Jelly Bean Parade,IRIS0106_Jelly_Bean_Parade.png
IRIS0107,JOAN LAY,IRIS0107_JOAN_LAY.png
IRIS0108,Juicy Fruit,IRIS0108_Juicy_Fruit.png
IRIS0109,KANSAS INGLESIDE,IRIS0109_KANSAS_INGLESIDE.png
IRIS0110,LAWRENCE OF ARABIA,IRIS0110_LAWRENCE_OF_ARABIA.png
IRIS0111,Leave the Light On,IRIS0111_Leave_the_Light_On.png
IRIS0112,Lemon Zing,IRIS0112_Lemon_Zing.png
IRIS0113,Let’s Have Fun,IRIS0113_Let’s_Have_Fun.png
IRIS0114,LILAC TREAT,IRIS0114_LILAC_TREAT.png
IRIS0115,LITTLE CHICK,IRIS0115_LITTLE_CHICK.png
IRIS0116,Looking Glass,IRIS0116_Looking_Glass.png
IRIS0117,Love in the Air,IRIS0117_Love_in_the_Air.png
IRIS0118,LULLABY OF SPRING,IRIS0118_LULLABY_OF_SPRING.png
IRIS0119,Lynn Williams,IRIS0119_Lynn_Williams.png
IRIS0120,MAGIC IN THE AIR,IRIS0120_MAGIC_IN_THE_AIR.png
IRIS0121,Magic Ring,IRIS0121_Magic_Ring.png
IRIS0122,Magical Glow,IRIS0122_Magical_Glow.png
IRIS0123,Magical Powers,IRIS0123_Magical_Powers.png
IRIS0124,Mango Meltdown,IRIS0124_Mango_Meltdown.png
IRIS0125,Maui Sunrise,IRIS0125_Maui_Sunrise.png
IRIS0126,Mendacity,IRIS0126_Mendacity.png
IRIS0127,Microwave,IRIS0127_Microwave.png
IRIS0128,Midnight Velvet,IRIS0128_Midnight_Velvet.png
IRIS0129,Mind Your Manners,IRIS0129_Mind_Your_Manners.png
IRIS0130,Misty Sunlight,IRIS0130_Misty_Sunlight.png
IRIS0131,Money in your Pocket,IRIS0131_Money_in_your_Pocket.png
IRIS0132,Morning Sunrise,IRIS0132_Morning_Sunrise.png
IRIS0133,MULLED WINE,IRIS0133_MULLED_WINE.png
IRIS0134,Musical Chairs,IRIS0134_Musical_Chairs.png
IRIS0135,My Cher of Happiness,IRIS0135_My_Cher_of_Happiness.png
IRIS0136,NATIVE DANCER,IRIS0136_NATIVE_DANCER.png
IRIS0137,New Mexico Sky,IRIS0137_New_Mexico_Sky.png
IRIS0138,NOID,IRIS0138_NOID.png
IRIS0139,None of Your Beeswax,IRIS0139_None_of_Your_Beeswax.png
IRIS0140,Not of this World,IRIS0140_Not_of_this_World.png
IRIS0141,October Dreaming,IRIS0141_October_Dreaming.png
IRIS0142,OFF THE SHOULDER,IRIS0142_OFF_THE_SHOULDER.png
IRIS0143,ON A BREAK,IRIS0143_ON_A_BREAK.png
IRIS0144,One of a Kind,IRIS0144_One_of_a_Kind.png
IRIS0145,One Way Ticket,IRIS0145_One_Way_Ticket.png
IRIS0146,Orangelo,IRIS0146_Orangelo.png
IRIS0147,ORBITER,IRIS0147_ORBITER.png
IRIS0148,Oregon Firestorm,IRIS0148_Oregon_Firestorm.png
IRIS0149,"Orinoco Flow, BB","IRIS0149_Orinoco_Flow,_BB.png"
IRIS0150,Other side of Heaven,IRIS0150_Other_side_of_Heaven.png
IRIS0151,Pastel Patterns,IRIS0151_Pastel_Patterns.png
IRIS0152,Perfume Counter,IRIS0152_Perfume_Counter.png
IRIS0153,Photogenic,IRIS0153_Photogenic.png
IRIS0154,Picture Book,IRIS0154_Picture_Book.png
IRIS0155,Piece by Piece,IRIS0155_Piece_by_Piece.png
IRIS0156,PIERRE MENARD,IRIS0156_PIERRE_MENARD.png
IRIS0157,Pin Striped Suit,IRIS0157_Pin_Striped_Suit.png
IRIS0158,Pineapple Parfait,IRIS0158_Pineapple_Parfait.png
IRIS0159,PLANNED TREASURE,IRIS0159_PLANNED_TREASURE.png
IRIS0160,Pooh Bear,IRIS0160_Pooh_Bear.png
IRIS0161,Porcelain Art,IRIS0161_Porcelain_Art.png
IRIS0162,Portland Pink,IRIS0162_Portland_Pink.png
IRIS0163,POWER DOWN,IRIS0163_POWER_DOWN.png
IRIS0164,Precious Thing,IRIS0164_Precious_Thing.png
IRIS0165,PRIVATE FIRST CLASS,IRIS0165_PRIVATE_FIRST_CLASS.png
IRIS0166,Pug,IRIS0166_Pug.png
IRIS0167,PUSSYCAT PINK,IRIS0167_PUSSYCAT_PINK.png
IRIS0168,"Queen Mum, MTB","IRIS0168_Queen_Mum,_MTB.png"
IRIS0169,QUEENS ROBE,IRIS0169_QUEENS_ROBE.png
IRIS0170,Rebus,IRIS0170_Rebus.png
IRIS0171,Respect,IRIS0171_Respect.png
IRIS0172,Rim of Fire,IRIS0172_Rim_of_Fire.png
IRIS0173,ROYAL HARLEQUIN,IRIS0173_ROYAL_HARLEQUIN.png
IRIS0174,Santa Cruz Surf,IRIS0174_Santa_Cruz_Surf.png
IRIS0175,Sequim,IRIS0175_Sequim.png
IRIS0176,SHAKIN ALL OVER,IRIS0176_SHAKIN_ALL_OVER.png
IRIS0177,Shannon Hyatt,IRIS0177_Shannon_Hyatt.png
IRIS0178,Share the Love,IRIS0178_Share_the_Love.png
IRIS0179,SHEER EXCITEMENT,IRIS0179_SHEER_EXCITEMENT.png
IRIS0180,Showmanship,IRIS0180_Showmanship.png
IRIS0181,Sierra Sunrise,IRIS0181_Sierra_Sunrise.png
IRIS0182,Skating Party,IRIS0182_Skating_Party.png
IRIS0183,Skyhopper,IRIS0183_Skyhopper.png
IRIS0184,Smooth as a Baby’s,IRIS0184_Smooth_as_a_Baby’s.png
IRIS0185,Snowfalls,IRIS0185_Snowfalls.png
IRIS0186,Sorbet Swirl,IRIS0186_Sorbet_Swirl.png
IRIS0187,Southpoint,IRIS0187_Southpoint.png
IRIS0188,SPEEDING AGAIN,IRIS0188_SPEEDING_AGAIN.png
IRIS0189,Spot On,IRIS0189_Spot_On.png
IRIS0190,Spring Grace,IRIS0190_Spring_Grace.png
IRIS0191,Sri Lanka,IRIS0191_Sri_Lanka.png
IRIS0192,Starwoman,IRIS0192_Starwoman.png
IRIS0193,STREET WALKER,IRIS0193_STREET_WALKER.png
IRIS0194,SUGAR HIGH,IRIS0194_SUGAR_HIGH.png
IRIS0195,Syrian Hills,IRIS0195_Syrian_Hills.png
IRIS0196,Tango Amigo,IRIS0196_Tango_Amigo.png
IRIS0197,THRESHOLD,IRIS0197_THRESHOLD.png
IRIS0198,TOM TOM,IRIS0198_TOM_TOM.png
IRIS0199,Touched By Angels,IRIS0199_Touched_By_Angels.png
IRIS0200,TRIPLE TAKE,IRIS0200_TRIPLE_TAKE.png
IRIS0201,True Navy,IRIS0201_True_Navy.png
IRIS0202,UNCLE TELL,IRIS0202_UNCLE_TELL.png
IRIS0203,Uninhibited,IRIS0203_Uninhibited.png
IRIS0204,UPRISING,IRIS0204_UPRISING.png
IRIS0205,Valley of Dreams,IRIS0205_Valley_of_Dreams.png
IRIS0206,Vamp,IRIS0206_Vamp.png
IRIS0207,VELVERT PRIDE,IRIS0207_VELVERT_PRIDE.png
IRIS0208,Velvet Merlot,IRIS0208_Velvet_Merlot.png
IRIS0209,VICTORIA FALLS,IRIS0209_VICTORIA_FALLS.png
IRIS0210,Warm Thoughts,IRIS0210_Warm_Thoughts.png
IRIS0211,Warrior Prince,IRIS0211_Warrior_Prince.png
IRIS0212,Windsinger,IRIS0212_Windsinger.png
IRIS0213,Wings At Dawn,IRIS0213_Wings_At_Dawn.png
