code,name
IRIS0001,After The Storm
IRIS0002,Autumn Circus
IRIS0003,Baltic Sea
IRIS0004,Before The Storm
IRIS0005,Blazing Beacon
IRIS0006,Absolute Cute
IRIS0007,Air Time
IRIS0008,Alcazar
IRIS0009,Aloha Spirit
IRIS0010,Alpenview
IRIS0011,Annie Oakley
IRIS0012,Atomic Glow
IRIS0013,Avenue of Dreams
IRIS0014,Back Draft
IRIS0015,Bam A Lam
IRIS0016,Bandwidth
IRIS0017,BARN DANCE
IRIS0018,Bermuda Triangle
IRIS0019,BEST BET
IRIS0020,Black Is Black
IRIS0021,Black Lipstick
IRIS0022,Black Phantom
IRIS0023,Blackberry Torte
IRIS0024,Blue Me Away
IRIS0025,BLUE POOLS
IRIS0026,Blueberry Bliss
IRIS0027,Bottle Rocket
IRIS0028,Bride’s Blush
IRIS0029,Bubble Baby
IRIS0030,Bubbly Beauty
IRIS0031,BUCKWHEAT
IRIS0032,Bundle of Love
IRIS0033,Butterfly Skies
IRIS0034,By Jeeves
IRIS0035,Cabbage Patch
IRIS0036,Cache of Gold
IRIS0037,CALIFORNIA GOLD
IRIS0038,CAROLINE JANE
IRIS0039,CHAMPAGNE ELEGANCE
IRIS0040,CHERIE
IRIS0041,Cherry Fudge
IRIS0042,Church Key
IRIS0043,Cinque Terre
IRIS0044,City Lights
IRIS0045,Clarence
IRIS0046,Code of Honor
IRIS0047,Color Shift
IRIS0048,Comes the Dawn
IRIS0049,Concertina
IRIS0050,CONQUISTADOR
IRIS0051,Cosmic Melody
IRIS0052,Costume Jewelry
IRIS0053,Cotillion Gown
IRIS0054,Creative Art
IRIS0055,Custom Rim
IRIS0056,DANCING DAYS
IRIS0057,Dazzle
IRIS0058,Deep Burgundy
IRIS0059,Deeper Meaning
IRIS0060,DOUBLE RINGER
IRIS0061,Easter Charm
IRIS0062,Echo of Spring
IRIS0063,Edge of Happiness
IRIS0064,Edge of the World
IRIS0065,Edged Out
IRIS0066,Electric Candy?
IRIS0067,Elite
IRIS0068,Enduring Beauty
IRIS0069,ENGLISH COTTAGE
IRIS0070,Entitled
IRIS0071,Eye Candy
IRIS0072,EYE OF THE STORM
IRIS0073,Fantasmagorical
IRIS0074,Fiery Temper
IRIS0075,Filibuster
IRIS0076,Flashinator
IRIS0077,Forever Orange
IRIS0078,Fortunate Son
IRIS0079,Free As The Wind
IRIS0080,French Lavender
IRIS0081,Frilled to Bits
IRIS0082,Gem Trader
IRIS0083,Gesundheit
IRIS0084,Girl Guide
IRIS0085,GLACIER MELT
IRIS0086,Glowing Report
IRIS0087,GOLDEN MIRACLE
IRIS0088,GRAZIELLA
IRIS0089,Great Balls of Fire
IRIS0090,GRINDLEWALD
IRIS0091,Handful of Magic
IRIS0092,HARVEST OF MEMEORIES
IRIS0093,Head Over Heels
IRIS0094,Heart of Hearts
IRIS0095,HELEN COLLINGWOOD
IRIS0096,Hint of Danger
IRIS0097,HOLD THAT TIGER
IRIS0098,Hot Off the Press
IRIS0099,IMAGE MAKER
IRIS0100,IMMORTALITY
IRIS0101,Innocent Devil
IRIS0102,Insaniac
IRIS0103,INSCRIPTION
IRIS0104,Inspired
IRIS0105,Jawbone Flats
IRIS0106,Jelly Bean Parade
IRIS0107,JOAN LAY
IRIS0108,Juicy Fruit
IRIS0109,KANSAS INGLESIDE
IRIS0110,LAWRENCE OF ARABIA
IRIS0111,Leave the Light On
IRIS0112,Lemon Zing
IRIS0113,Let’s Have Fun
IRIS0114,LILAC TREAT
IRIS0115,LITTLE CHICK
IRIS0116,Looking Glass
IRIS0117,Love in the Air
IRIS0118,LULLABY OF SPRING
IRIS0119,Lynn Williams
IRIS0120,MAGIC IN THE AIR
IRIS0121,Magic Ring
IRIS0122,Magical Glow
IRIS0123,Magical Powers
IRIS0124,Mango Meltdown
IRIS0125,Maui Sunrise
IRIS0126,Mendacity
IRIS0127,Microwave
IRIS0128,Midnight Velvet
IRIS0129,Mind Your Manners
IRIS0130,Misty Sunlight
IRIS0131,Money in your Pocket
IRIS0132,Morning Sunrise
IRIS0133,MULLED WINE
IRIS0134,Musical Chairs
IRIS0135,My Cher of Happiness
IRIS0136,NATIVE DANCER
IRIS0137,New Mexico Sky
IRIS0138,NOID
IRIS0139,None of Your Beeswax
IRIS0140,Not of this World
IRIS0141,October Dreaming
IRIS0142,OFF THE SHOULDER
IRIS0143,ON A BREAK
IRIS0144,One of a Kind
IRIS0145,One Way Ticket
IRIS0146,Orangelo
IRIS0147,ORBITER
IRIS0148,Oregon Firestorm
IRIS0149,"Orinoco Flow, BB"
IRIS0150,Other side of Heaven
IRIS0151,Pastel Patterns
IRIS0152,Perfume Counter
IRIS0153,Photogenic
IRIS0154,Picture Book
IRIS0155,Piece by Piece
IRIS0156,PIERRE MENARD
IRIS0157,Pin Striped Suit
IRIS0158,Pineapple Parfait
IRIS0159,PLANNED TREASURE
IRIS0160,Pooh Bear
IRIS0161,Porcelain Art
IRIS0162,Portland Pink
IRIS0163,POWER DOWN
IRIS0164,Precious Thing
IRIS0165,PRIVATE FIRST CLASS
IRIS0166,Pug
IRIS0167,PUSSYCAT PINK
IRIS0168,"Queen Mum, MTB"
IRIS0169,QUEENS ROBE
IRIS0170,Rebus
IRIS0171,Respect
IRIS0172,Rim of Fire
IRIS0173,ROYAL HARLEQUIN
IRIS0174,Santa Cruz Surf
IRIS0175,Sequim
IRIS0176,SHAKIN ALL OVER
IRIS0177,Shannon Hyatt
IRIS0178,Share the Love
IRIS0179,SHEER EXCITEMENT
IRIS0180,Showmanship
IRIS0181,Sierra Sunrise
IRIS0182,Skating Party
IRIS0183,Skyhopper
IRIS0184,Smooth as a Baby’s
IRIS0185,Snowfalls
IRIS0186,Sorbet Swirl
IRIS0187,Southpoint
IRIS0188,SPEEDING AGAIN
IRIS0189,Spot On
IRIS0190,Spring Grace
IRIS0191,Sri Lanka
IRIS0192,Starwoman
IRIS0193,STREET WALKER
IRIS0194,SUGAR HIGH
IRIS0195,Syrian Hills
IRIS0196,Tango Amigo
IRIS0197,THRESHOLD
IRIS0198,TOM TOM
IRIS0199,Touched By Angels
IRIS0200,TRIPLE TAKE
IRIS0201,True Navy
IRIS0202,UNCLE TELL
IRIS0203,Uninhibited
IRIS0204,UPRISING
IRIS0205,Valley of Dreams
IRIS0206,Vamp
IRIS0207,VELVERT PRIDE
IRIS0208,Velvet Merlot
IRIS0209,VICTORIA FALLS
IRIS0210,Warm Thoughts
IRIS0211,Warrior Prince
IRIS0212,Windsinger
IRIS0213,Wings At Dawn
IRIS0214,ADORBS
IRIS0215,AMPLE CHARM
IRIS0216,BABY BLESSED
IRIS0217,BATTLESTAR ATLANTIS
IRIS0218,BEGUILE ME
IRIS0219,BREAKING THE ICE
IRIS0220,BUFF BRUISER
IRIS0221,BUNDLE OF LOVE 
IRIS0222,CACHE OF GOLD
IRIS0223,CALICO IN PINK
IRIS0224,CARELESS WHISPER
IRIS0225,CARIBBEAN CRUISE
IRIS0226,CHAMPAGNE ELEGANCE
IRIS0227,COLOURS OF THE WIND
IRIS0228,CORAL POINT
IRIS0229,CORONA GOLD
IRIS0230,COTILLION GOWN
IRIS0231,CRIMSON KING
IRIS0232,CUSTOM RIM
IRIS0233,DIAMOND LAKE
IRIS0234,DIVERSION
IRIS0235,DOLLFACE
IRIS0236,DON PEDRO SUNSHINE
IRIS0237,DOUBLE RINGER
IRIS0238,EASTER CANDY
IRIS0239,ENJOYMENT
IRIS0240,ENVIOUS ME
IRIS0241,GINGER ICE
IRIS0242,GRINDELWALD
IRIS0243,HOT NEWS
IRIS0244,I. FOETIDISSIMA
IRIS0245,I'M SO ENVIOUS
IRIS0246,LADY EMMA
IRIS0247,LET'S HAVE FUN
IRIS0248,METEORITE
IRIS0249,MISTY MAGIC
IRIS0250,PEACH PEARL
IRIS0251,PEEK AND SEEK
IRIS0252,PICKATHON
IRIS0253,PINK CONFETTI
IRIS0254,PINKIE PIE
IRIS0255,RENOWN
IRIS0256,SARAH SUNSHINE
IRIS0257,SCENTED NUTMEG
IRIS0258,SHADES OF PALE
IRIS0259,SILK ANDHONEY
IRIS0260,SILVER ICE
IRIS0261,STRUCK TRICE
IRIS0262,SURE ENUFF 
IRIS0263,TOUCHED BY ANGELS
IRIS0264,TRIPOD
IRIS0265,UNCOMMON ART
IRIS0266,VIPER
IRIS0267,YUKON WONDER PIE
